,year,Incomes
0,2010,33004.04334219056
1,2021,42117.15916964039
2,2013,35489.438567858655
3,2022,42945.624244862935
4,2016,37974.83379352675
5,2025,45431.01947053103
6,2018,39631.763943972066
7,2027,47087.94962097658
8,2028,47916.414696199354
9,2024,44602.554395308485
10,2030,49573.34484664467
